{
	"content": [
		{
			"type": "structure",
			
			"fillSize": 2,
			"area": "Temple",
			"name": "A strange warp",
			
			"instances": [
				{"x": 1, "y": 1, "object": "Sign", 
					"variables": {
						"text": "(Ruins warp)"
					}
				},
				
				{"x": 0, "y": 0, "object": "FloorTrapdoor",
					"variables": {
						"area": "Ruins"
					}
				},
				
				{"x": 2, "y": 1.5, "object": "RewardBag"}
			]
		},
		
		{
			"type": "structure",
			
			"fillSize": 2,
			"name": "Test",
			
			"instances": [
				{"x": 1, "y": 1, "object": "HatPickup", 
					"variables": {
						"item": "hat_stack"
					}
				}
			]
		},
		
		{
			"type": "structure",
			
			"fillSize": 2,
			"area": "Ruins",
			"name": "Structure names are optional actually",
			
			"instances": [
				{"x": 1, "y": 1, "object": "Sign", 
					"variables": {
						"text": "(Temple warp)"
					}
				},
				
				{"x": 0, "y": 0, "object": "FloorTrapdoor",
					"variables": {
						"area": "Temple"
					}
				},
				
				{"x": 2, "y": 1.5, "object": "RewardBag"}
			]
		},
		
		{
			"type": "structure",
			
			"fillSize": 12,
			"name": "Ashan",
			
			"instances": [
				{"x": -5, "y": -5, "object": "Keeper"},
				{"x": -5, "y": 5, "object": "Keeper"},
				{"x": 5, "y": 5, "object": "Keeper"},
				{"x": 0, "y": -7, "object": "Keeper"},
				{"x": 0, "y": 7, "object": "Keeper"},
				
				{"x": -7, "y": -10, "object": "ShopPedestal"},
				{"x": -6, "y": -10, "object": "ShopPedestal"},
				{"x": -5, "y": -10, "object": "ShopPedestal"},
				{"x": -4, "y": -10, "object": "ShopPedestal"},
				{"x": -3, "y": -10, "object": "ShopPedestal"},
				{"x": -2, "y": -10, "object": "ShopPedestal"},
				{"x": -1, "y": -10, "object": "ShopPedestal"},
				{"x": 1, "y": -10, "object": "ShopPedestal"},
				{"x": 2, "y": -10, "object": "ShopPedestal"},
				{"x": 3, "y": -10, "object": "ShopPedestal"},
				{"x": 4, "y": -10, "object": "ShopPedestal"},
				{"x": 5, "y": -10, "object": "ShopPedestal"},
				{"x": 6, "y": -10, "object": "ShopPedestal"},
				{"x": 7, "y": -10, "object": "ShopPedestal"},
				
				{"x": -7, "y": -8, "object": "ShopPedestal"},
				{"x": -6, "y": -8, "object": "ShopPedestal"},
				{"x": -5, "y": -8, "object": "ShopPedestal"},
				{"x": -4, "y": -8, "object": "ShopPedestal"},
				{"x": -3, "y": -8, "object": "ShopPedestal"},
				{"x": -2, "y": -8, "object": "ShopPedestal"},
				{"x": -1, "y": -8, "object": "ShopPedestal"},
				{"x": 1, "y": -8, "object": "ShopPedestal"},
				{"x": 2, "y": -8, "object": "ShopPedestal"},
				{"x": 3, "y": -8, "object": "ShopPedestal"},
				{"x": 4, "y": -8, "object": "ShopPedestal"},
				{"x": 5, "y": -8, "object": "ShopPedestal"},
				{"x": 6, "y": -8, "object": "ShopPedestal"},
				{"x": 7, "y": -8, "object": "ShopPedestal"},
				
				{"x": -7, "y": -6, "object": "ShopPedestal"},
				{"x": -6, "y": -6, "object": "ShopPedestal"},
				{"x": -5, "y": -6, "object": "ShopPedestal"},
				{"x": -4, "y": -6, "object": "ShopPedestal"},
				{"x": -3, "y": -6, "object": "ShopPedestal"},
				{"x": -2, "y": -6, "object": "ShopPedestal"},
				{"x": -1, "y": -6, "object": "ShopPedestal"},
				{"x": 1, "y": -6, "object": "ShopPedestal"},
				{"x": 2, "y": -6, "object": "ShopPedestal"},
				{"x": 3, "y": -6, "object": "ShopPedestal"},
				{"x": 4, "y": -6, "object": "ShopPedestal"},
				{"x": 5, "y": -6, "object": "ShopPedestal"},
				{"x": 6, "y": -6, "object": "ShopPedestal"},
				{"x": 7, "y": -6, "object": "ShopPedestal"},
				
				{"x": -7, "y": -4, "object": "ShopPedestal"},
				{"x": -6, "y": -4, "object": "ShopPedestal"},
				{"x": -5, "y": -4, "object": "ShopPedestal"},
				{"x": -4, "y": -4, "object": "ShopPedestal"},
				{"x": -3, "y": -4, "object": "ShopPedestal"},
				{"x": -2, "y": -4, "object": "ShopPedestal"},
				{"x": -1, "y": -4, "object": "ShopPedestal"},
				{"x": 1, "y": -4, "object": "ShopPedestal"},
				{"x": 2, "y": -4, "object": "ShopPedestal"},
				{"x": 3, "y": -4, "object": "ShopPedestal"},
				{"x": 4, "y": -4, "object": "ShopPedestal"},
				{"x": 5, "y": -4, "object": "ShopPedestal"},
				{"x": 6, "y": -4, "object": "ShopPedestal"},
				{"x": 7, "y": -4, "object": "ShopPedestal"},
				
				{"x": -7, "y": 4, "object": "ShopPedestal"},
				{"x": -6, "y": 4, "object": "ShopPedestal"},
				{"x": -5, "y": 4, "object": "ShopPedestal"},
				{"x": -4, "y": 4, "object": "ShopPedestal"},
				{"x": -3, "y": 4, "object": "ShopPedestal"},
				{"x": -2, "y": 4, "object": "ShopPedestal"},
				{"x": -1, "y": 4, "object": "ShopPedestal"},
				{"x": 1, "y": 4, "object": "ShopPedestal"},
				{"x": 2, "y": 4, "object": "ShopPedestal"},
				{"x": 3, "y": 4, "object": "ShopPedestal"},
				{"x": 4, "y": 4, "object": "ShopPedestal"},
				{"x": 5, "y": 4, "object": "ShopPedestal"},
				{"x": 6, "y": 4, "object": "ShopPedestal"},
				{"x": 7, "y": 4, "object": "ShopPedestal"},
				
				{"x": -7, "y": 6, "object": "ShopPedestal"},
				{"x": -6, "y": 6, "object": "ShopPedestal"},
				{"x": -5, "y": 6, "object": "ShopPedestal"},
				{"x": -4, "y": 6, "object": "ShopPedestal"},
				{"x": -3, "y": 6, "object": "ShopPedestal"},
				{"x": -2, "y": 6, "object": "ShopPedestal"},
				{"x": -1, "y": 6, "object": "ShopPedestal"},
				{"x": 1, "y": 6, "object": "ShopPedestal"},
				{"x": 2, "y": 6, "object": "ShopPedestal"},
				{"x": 3, "y": 6, "object": "ShopPedestal"},
				{"x": 4, "y": 6, "object": "ShopPedestal"},
				{"x": 5, "y": 6, "object": "ShopPedestal"},
				{"x": 6, "y": 6, "object": "ShopPedestal"},
				{"x": 7, "y": 6, "object": "ShopPedestal"},
				
				{"x": -7, "y": 8, "object": "ShopPedestal"},
				{"x": -6, "y": 8, "object": "ShopPedestal"},
				{"x": -5, "y": 8, "object": "ShopPedestal"},
				{"x": -4, "y": 8, "object": "ShopPedestal"},
				{"x": -3, "y": 8, "object": "ShopPedestal"},
				{"x": -2, "y": 8, "object": "ShopPedestal"},
				{"x": -1, "y": 8, "object": "ShopPedestal"},
				{"x": 1, "y": 8, "object": "ShopPedestal"},
				{"x": 2, "y": 8, "object": "ShopPedestal"},
				{"x": 3, "y": 8, "object": "ShopPedestal"},
				{"x": 4, "y": 8, "object": "ShopPedestal"},
				{"x": 5, "y": 8, "object": "ShopPedestal"},
				{"x": 6, "y": 8, "object": "ShopPedestal"},
				{"x": 7, "y": 8, "object": "ShopPedestal"},
				
				{"x": -7, "y": 10, "object": "ShopPedestal"},
				{"x": -6, "y": 10, "object": "ShopPedestal"},
				{"x": -5, "y": 10, "object": "ShopPedestal"},
				{"x": -4, "y": 10, "object": "ShopPedestal"},
				{"x": -3, "y": 10, "object": "ShopPedestal"},
				{"x": -2, "y": 10, "object": "ShopPedestal"},
				{"x": -1, "y": 10, "object": "ShopPedestal"},
				{"x": 1, "y": 10, "object": "ShopPedestal"},
				{"x": 2, "y": 10, "object": "ShopPedestal"},
				{"x": 3, "y": 10, "object": "ShopPedestal"},
				{"x": 4, "y": 10, "object": "ShopPedestal"},
				{"x": 5, "y": 10, "object": "ShopPedestal"},
				{"x": 6, "y": 10, "object": "ShopPedestal"},
				{"x": 7, "y": 10, "object": "ShopPedestal"},
				
				{"x": 11, "y": 11, "object": "Sign", 
					"variables": {
						"text": "АШАН"
					}
				}
			]
		}
	]
}