{
	"en": {
		"char.WYE.name": "WYE",
		"char.WYE.desc": "King of the World#Be afraid of him",
		"char.fish.name": "Fish",
		"char.fish.desc": "Wait what#Can roll",
		
		"weapon.name.wrench": "Wrench",
		"weapon.description.wrench": "Finnaly, some good fucking weapon",
		
		"hat.name.hat_stack": "Hat stack",
		"hat.description.hat_stack": "Gives some various stats"
	},
	
	"ru": {
		"char.WYE.name": "ШУЕ",
		"char.WYE.desc": "d o  n o t  b e  a f r a i d",
		"char.fish.name": "Рыба",
		"char.fish.desc": "Стоп что#Может перекатываться",
		
		"weapon.name.wrench": "Гаечный ключ",
		"weapon.description.wrench": "Наконец-то, сука, нормальное оружие",
		
		"hat.name.hat_stack": "Стопка из шапок",
		"hat.description.hat_stack": "Дает разные эффекты"
	}
}