{
	"name": "Experimental",
	"description": "Newer version of the simpliest example mod!",
	"id": "experimental",
	"version": 2.0,
	"minGameBuild": 96,
	
	"loadScript": "test.script",
	
	"content": [
		{
			"type": "activeItem",
			
			"id": "eggplant_potion",
			"sprite": "eggplant",
			
			"essenceRequired": 50,
			"cooldown": 120,
			"maxUses": 5
		},
		
		{
			"type": "perk",
			
			"id": "sack",
			"sprite": "sack",
			"isCurse": false
		},
		
		{
			"type": "perk",
			"id": "discord",
			"sprite": "discord",
			"isCurse": false
		},
		
		{
			"type": "character",
			
			"id": "demon",
			
			"sprites": [
				"Idle:demon:1:12:12",
				"Walk:demon_walk:8:12:12",
				"Hand:demon_hand:1:12:12",
			],
			
			"params": {
				"weapon": "poisoned_sword",
				"poison_damage": 1.6,
				
				"hp": 6,
				"max_hp": 6,
				
				"regen": 0.05,
				
				"active_item": "",
				
				"perks": ["turmor"]
			}
		},
		
		{
			"type": "weapon",
			
			"id": "devil_chain",
			
			"chainWeapon": true,
			
			"spriteList": {
				"chain": "chain:2:5:2",
				"head": "head:1:8:12"
			},
			
			"params": {
				"damage": 17,	
				"fire": 30,
				"length": 13,
				"reload": 20,
				"maxSpeed": 16,
				"rotSpeed": 4
			}
		}
	]
}